Operon number	Sequence	Start	Stop	Strand	Number of Genes	Genes_1	Genes_2	Genes_3	Genes_4	Genes_5	Genes_6	Genes_7	Genes_8	Genes_9	Genes_10	Genes_11	Genes_12	Genes_13	Genes_14	Genes_15	Genes_16	Genes_17	Genes_18	Genes_19	Genes_20	Genes_21	Genes_22	Genes_23	Genes_24	Genes_25	Genes_26
operon 1	NC_002947.4	147	4381	-	4	PP_0001	PP_0002	PP_0003	PP_0004																						
operon 2	NC_002947.4	5012	8946	-	5	PP_0005	PP_0006	PP_0007	PP_0008	PP_0009																					
operon 3	NC_002947.4	11103	15750	+	3	PP_0011	PP_0012	PP_0013																							
operon 4	NC_002947.4	17208	20122	+	2	PP_0014	PP_0015																								
operon 5	NC_002947.4	23176	25570	+	3	PP_0018	PP_0019	PP_0020																							
operon 6	NC_002947.4	37646	39014	-	2	PP_0034	PP_0035																								
operon 7	NC_002947.4	46213	51989	-	3	PP_0043	PP_0044	PP_0045																							
operon 8	NC_002947.4	61756	63839	+	2	PP_0053	PP_0054																								
operon 9	NC_002947.4	69319	72848	-	3	PP_0059	PP_0060	PP_0061																							
operon 10	NC_002947.4	74836	79039	-	4	PP_0065	PP_0066	PP_0067	PP_0068																						
operon 11	NC_002947.4	86862	89317	-	2	PP_0076	PP_0077																								
operon 12	NC_002947.4	105207	107651	+	2	PP_0100	PP_0101																								
operon 13	NC_002947.4	108810	117220	+	9	PP_0103	PP_0104	PP_0105	PP_0106	PP_0107	PP_0108	PP_0109	PP_0110	PP_0111																	
operon 14	NC_002947.4	118149	119827	-	2	PP_0113	PP_0114																								
operon 15	NC_002947.4	123085	125115	-	3	PP_0117	PP_0118	PP_0119																							
operon 16	NC_002947.4	132578	136904	+	4	PP_0127	PP_0128	PP_0129	PP_0130																						
operon 17	NC_002947.4	143387	144021	+	2	PP_0135	PP_0136																								
operon 18	NC_002947.4	148086	150949	-	3	PP_0140	PP_0141	PP_0142																							
operon 19	NC_002947.4	152200	155295	-	2	PP_0144	PP_0145																								
operon 20	NC_002947.4	155578	157725	-	2	PP_0146	PP_0147																								
operon 21	NC_002947.4	160385	161505	-	3	PP_0150	PP_0151	PP_0152																							
operon 22	NC_002947.4	164020	166906	-	2	PP_0155	PP_0156																								
operon 23	NC_002947.4	184656	186916	-	3	PP_0161	PP_0162	PP_0163																							
operon 24	NC_002947.4	221229	224913	+	4	PP_0169	PP_0170	PP_0171	PP_0172																						
operon 25	NC_002947.4	226726	231758	+	5	PP_0175	PP_0176	PP_0177	PP_0178	PP_0179																					
operon 26	NC_002947.4	237982	242068	+	4	PP_0186	PP_0187	PP_0188	PP_0189																						
operon 27	NC_002947.4	256315	262765	+	7	PP_0205	PP_0206	PP_0207	PP_0208	PP_0209	PP_0210	PP_0211																			
operon 28	NC_002947.4	272658	278505	-	5	PP_0220	PP_0221	PP_0222	PP_0223	PP_0224																					
operon 29	NC_002947.4	278819	281039	-	3	PP_0225	PP_0226	PP_0227																							
operon 30	NC_002947.4	285498	288107	-	3	PP_0231	PP_0232	PP_0233																							
operon 31	NC_002947.4	290940	295652	+	6	PP_0236	PP_0237	PP_0238	PP_0239	PP_0240	PP_0241																				
operon 32	NC_002947.4	298157	301125	-	2	PP_0244	PP_0245																								
operon 33	NC_002947.4	310030	313211	-	2	PP_0256	PP_0257																								
operon 34	NC_002947.4	316524	320329	-	3	PP_0263	PP_0264	PP_0265																							
operon 35	NC_002947.4	327882	329970	-	2	PP_0270	PP_0271																								
operon 36	NC_002947.4	337879	340852	-	4	PP_0280	PP_0281	PP_0282	PP_0283																						
operon 37	NC_002947.4	344266	347845	-	3	PP_0285	PP_0286	PP_0287																							
operon 38	NC_002947.4	349955	351487	+	3	PP_0289	PP_0290	PP_0291																							
operon 39	NC_002947.4	351515	353033	+	2	PP_0292	PP_0293																								
operon 40	NC_002947.4	354326	356203	-	2	PP_0295	PP_0296																								
operon 41	NC_002947.4	362517	364533	-	2	PP_0302	PP_0303																								
operon 42	NC_002947.4	369974	376724	+	5	PP_0309	PP_0310	PP_0311	PP_0312	PP_0313																					
operon 43	NC_002947.4	388130	394317	+	5	PP_0323	PP_0324	PP_0325	PP_0326	PP_0327																					
operon 44	NC_002947.4	406364	410663	-	2	PP_0338	PP_0339																								
operon 45	NC_002947.4	414183	421143	+	7	PP_0341	PP_0342	PP_0343	PP_0344	PP_0345	PP_0346	PP_0347																			
operon 46	NC_002947.4	424197	429521	-	4	PP_0349	PP_0350	PP_0351	PP_0352																						
operon 47	NC_002947.4	429669	432313	-	2	PP_0353	PP_0354																								
operon 48	NC_002947.4	441120	444518	+	4	PP_0363	PP_0364	PP_0365	PP_0366																						
operon 49	NC_002947.4	456620	460004	-	5	PP_0376	PP_0377	PP_0378	PP_0379	PP_0380																					
operon 50	NC_002947.4	462605	465096	-	2	PP_0382	PP_0383																								
operon 51	NC_002947.4	471084	474984	-	2	PP_0387	PP_0388																								
operon 52	NC_002947.4	479524	484438	-	3	PP_0395	PP_0396	PP_0397																							
operon 53	NC_002947.4	484721	486314	-	3	PP_0398	PP_0399	PP_0400																							
operon 54	NC_002947.4	486512	492420	-	4	PP_0401	PP_0402	PP_0403	PP_0404																						
operon 55	NC_002947.4	493567	495007	+	2	PP_0406	PP_0407																								
operon 56	NC_002947.4	499452	503797	+	4	PP_0411	PP_0412	PP_0413	PP_0414																						
operon 57	NC_002947.4	503948	506988	+	3	PP_0415	PP_0416	PP_0417																							
operon 58	NC_002947.4	509378	511860	+	3	PP_0420	PP_0421	PP_0422																							
operon 59	NC_002947.4	530087	532218	+	3	PP_0437	PP_0438	PP_0439																							
operon 60	NC_002947.4	534104	537402	+	6	PP_0441	PP_0442	PP_0443	PP_0444	PP_0445	PP_0446																				
operon 61	NC_002947.4	537623	545960	+	2	PP_0447	PP_0448																								
operon 62	NC_002947.4	546172	561218	+	26	PP_0449	PP_0450	PP_0451	PP_0452	PP_0453	PP_0454	PP_0455	PP_0456	PP_0457	PP_0458	PP_0459	PP_0460	PP_0461	PP_0462	PP_0463	PP_0464	PP_0465	PP_0466	PP_0467	PP_0468	PP_0469	PP_0470	PP_0471	PP_0472	PP_0473	PP_0474
operon 63	NC_002947.4	561247	564348	+	6	PP_0475	PP_0476	PP_0477	PP_0478	PP_0479	PP_0480																				
operon 64	NC_002947.4	574964	580566	+	4	PP_0489	PP_0490	PP_0491	PP_0492																						
operon 65	NC_002947.4	580711	584057	+	2	PP_0493	PP_0494																								
operon 66	NC_002947.4	594249	597445	-	4	PP_0505	PP_0506	PP_0507	PP_0508																						
operon 67	NC_002947.4	598976	600043	-	2	PP_0511	PP_0512																								
operon 68	NC_002947.4	600650	606156	+	7	PP_0514	PP_0515	PP_0516	PP_0517	PP_0518	PP_0519	PP_0520																			
operon 69	NC_002947.4	607097	608942	+	3	PP_0522	PP_0523	PP_0524																							
operon 70	NC_002947.4	614359	615485	-	2	PP_0528	PP_0529																								
operon 71	NC_002947.4	618669	620689	-	2	PP_0533	PP_0534																								
operon 72	NC_002947.4	625709	627192	-	2	PP_0539	PP_0540																								
operon 73	NC_002947.4	627976	631692	-	3	PP_0542	PP_0543	PP_0544																							
operon 74	NC_002947.4	635777	638036	+	3	PP_0547	PP_0548	PP_0549																							
operon 75	NC_002947.4	640763	646094	-	5	PP_0552	PP_0553	PP_0554	PP_0555	PP_0556																					
operon 76	NC_002947.4	674414	679017	-	6	PP_0576	PP_0577	PP_0578	PP_0579	PP_0580	PP_0581																				
operon 77	NC_002947.4	683440	686685	-	3	PP_0585	PP_0586	PP_0587																							
operon 78	NC_002947.4	691777	694041	-	3	PP_0593	PP_0594	PP_0595																							
operon 79	NC_002947.4	703262	706824	+	2	PP_0598	PP_0599																								
operon 80	NC_002947.4	709256	714934	+	5	PP_0602	PP_0603	PP_0604	PP_0605	PP_0606																					
operon 81	NC_002947.4	715782	717278	+	3	PP_0609	PP_0610	PP_0611																							
operon 82	NC_002947.4	719918	725898	-	6	PP_0614	PP_0615	PP_0616	PP_0617	PP_0618	PP_0619																				
operon 83	NC_002947.4	733755	1402481	+	3	PP_t11	PP_t12	PP_t13																							
operon 84	NC_002947.4	1418344	1898504	+	2	PP_t14	PP_t15																								
operon 85	NC_002947.4	737926	740626	-	3	PP_0631	PP_0632	PP_0633																							
operon 86	NC_002947.4	744966	746873	-	2	PP_0637	PP_0638																								
operon 87	NC_002947.4	748966	750863	-	2	PP_0639	PP_0640																								
operon 88	NC_002947.4	767923	770292	+	2	PP_0660	PP_0661																								
operon 89	NC_002947.4	770317	772139	+	2	PP_0662	PP_0663																								
operon 90	NC_002947.4	772338	774812	+	2	PP_0664	PP_0665																								
operon 91	NC_002947.4	775362	776860	+	2	PP_0667	PP_0668																								
operon 92	NC_002947.4	791195	793635	-	2	PP_0678	PP_0679																								
operon 93	NC_002947.4	801516	804404	+	3	PP_0690	PP_0691	PP_0692																							
operon 94	NC_002947.4	807326	809357	-	2	PP_0694	PP_0695																								
operon 95	NC_002947.4	829626	834347	+	4	PP_0714	PP_0715	PP_0716	PP_0717																						
operon 96	NC_002947.4	836255	839697	-	4	PP_0719	PP_0720	PP_0721	PP_0722																						
operon 97	NC_002947.4	839841	843049	-	3	PP_0723	PP_0724	PP_0725																							
operon 98	NC_002947.4	843518	847199	-	4	PP_0726	PP_0727	PP_0728	PP_0729																						
operon 99	NC_002947.4	847259	850417	-	2	PP_0730	PP_0731																								
operon 100	NC_002947.4	852496	855947	+	4	PP_0733	PP_0734	PP_0735	PP_0736																						
operon 101	NC_002947.4	857381	860671	-	3	PP_0739	PP_0740	PP_0741																							
operon 102	NC_002947.4	866548	867902	+	3	PP_0748	PP_0749	PP_0750																							
operon 103	NC_002947.4	880486	883762	+	2	PP_0765	PP_0766																								
operon 104	NC_002947.4	886967	889263	+	2	PP_0768	PP_0769																								
operon 105	NC_002947.4	889457	890055	+	2	PP_0770	PP_0771																								
operon 106	NC_002947.4	905990	907389	+	2	PP_0789	PP_0790																								
operon 107	NC_002947.4	912346	915032	+	2	PP_0794	PP_0795																								
operon 108	NC_002947.4	919720	920762	-	2	PP_0800	PP_0801																								
operon 109	NC_002947.4	921843	926625	-	3	PP_0803	PP_0804	PP_0805																							
operon 110	NC_002947.4	950225	955046	+	5	PP_0812	PP_0813	PP_0814	PP_0815	PP_0816																					
operon 111	NC_002947.4	955359	957808	+	2	PP_0817	PP_0818																								
operon 112	NC_002947.4	963392	965786	+	3	PP_0825	PP_0826	PP_0827																							
operon 113	NC_002947.4	970152	974490	+	4	PP_0833	PP_0834	PP_0835	PP_0836																						
operon 114	NC_002947.4	978014	983542	+	8	PP_0841	PP_0842	PP_0843	PP_0844	PP_0845	PP_0846	PP_0847	PP_0848																		
operon 115	NC_002947.4	983631	991262	+	8	PP_0849	PP_0850	PP_0851	PP_0852	PP_0853	PP_0854	PP_0855	PP_0856																		
operon 116	NC_002947.4	992994	994921	+	2	PP_0858	PP_0859																								
operon 117	NC_002947.4	1003976	1007500	+	2	PP_0866	PP_0867																								
operon 118	NC_002947.4	1008744	1011062	-	3	PP_0869	PP_0870	PP_0871																							
operon 119	NC_002947.4	1014435	1016240	-	2	PP_0874	PP_0875																								
operon 120	NC_002947.4	1018092	1026967	-	7	PP_0878	PP_0879	PP_0880	PP_0881	PP_0882	PP_0883	PP_0884																			
operon 121	NC_002947.4	1031907	1035121	+	4	PP_0889	PP_0890	PP_0891	PP_0892																						
operon 122	NC_002947.4	1043609	1045227	+	3	PP_0903	PP_0904	PP_0905																							
operon 123	NC_002947.4	1049755	1053366	-	3	PP_0908	PP_0909	PP_0910																							
operon 124	NC_002947.4	1067835	1070200	+	2	PP_0926	PP_0927																								
operon 125	NC_002947.4	1071947	1075179	-	3	PP_0930	PP_0931	PP_0932																							
operon 126	NC_002947.4	1076622	1086469	+	7	PP_0934	PP_0935	PP_0936	PP_0937	PP_0938	PP_0939	PP_0940																			
operon 127	NC_002947.4	1088758	1090519	+	2	PP_0943	PP_0944																								
operon 128	NC_002947.4	1090547	1092526	+	3	PP_0945	PP_0946	PP_0947																							
operon 129	NC_002947.4	1092845	1096060	-	4	PP_0949	PP_0950	PP_0951	PP_0952																						
operon 130	NC_002947.4	1096236	1099565	-	5	PP_0953	PP_0954	PP_0955	PP_0956	PP_0957																					
operon 131	NC_002947.4	1100620	1102861	+	4	PP_0959	PP_0960	PP_0961	PP_0962																						
operon 132	NC_002947.4	1102979	1104507	+	2	PP_0963	PP_0964																								
operon 133	NC_002947.4	1105521	1107895	+	2	PP_0966	PP_0967																								
operon 134	NC_002947.4	1117915	1120258	-	3	PP_0978	PP_0979	PP_0980																							
operon 135	NC_002947.4	1124021	1126546	-	2	PP_0986	PP_0987																								
operon 136	NC_002947.4	1126695	1129945	-	2	PP_0988	PP_0989																								
operon 137	NC_002947.4	1130249	1132616	-	4	PP_0990	PP_0991	PP_0992	PP_0993																						
operon 138	NC_002947.4	1137115	1142428	-	5	PP_0998	PP_0999	PP_1000	PP_1001	PP_1002																					
operon 139	NC_002947.4	1148189	1149753	-	2	PP_1007	PP_1008																								
operon 140	NC_002947.4	1153099	1156297	+	3	PP_1011	PP_1012	PP_1013																							
operon 141	NC_002947.4	1157868	1163576	+	5	PP_1015	PP_1016	PP_1017	PP_1018	PP_1019																					
operon 142	NC_002947.4	1167057	1168483	+	2	PP_1023	PP_1024																								
operon 143	NC_002947.4	1170842	1173052	-	2	PP_1026	PP_1027																								
operon 144	NC_002947.4	1175570	1178695	+	2	PP_1031	PP_1032																								
operon 145	NC_002947.4	1189810	1190333	-	2	PP_1040	PP_1041																								
operon 146	NC_002947.4	1195511	1203643	+	10	PP_1045	PP_1046	PP_1047	PP_1048	PP_1049	PP_1050	PP_1051	PP_1052	PP_1053	PP_1054																
operon 147	NC_002947.4	1219977	1226490	-	6	PP_1066	PP_1067	PP_1068	PP_1069	PP_1070	PP_1071																				
operon 148	NC_002947.4	1250079	1253354	-	5	PP_1092	PP_1093	PP_1094	PP_1095	PP_1096																					
operon 149	NC_002947.4	1262748	1265419	-	2	PP_1105	PP_1106																								
operon 150	NC_002947.4	1270314	1273209	+	3	PP_1111	PP_1112	PP_1113																							
operon 151	NC_002947.4	1282927	1283903	-	2	PP_1119	PP_1120																								
operon 152	NC_002947.4	1288728	1293432	+	3	PP_1126	PP_1127	PP_1128																							
operon 153	NC_002947.4	1303376	1306316	-	3	PP_1138	PP_1139	PP_1140																							
operon 154	NC_002947.4	1315566	1316125	+	2	PP_1147	PP_1148																								
operon 155	NC_002947.4	1316583	1320130	+	4	PP_1150	PP_1151	PP_1152	PP_1153																						
operon 156	NC_002947.4	1333675	1336458	+	3	PP_1159	PP_1160	PP_1161																							
operon 157	NC_002947.4	1336628	1339321	+	2	PP_1162	PP_1163																								
operon 158	NC_002947.4	1342271	1346892	-	5	PP_1167	PP_1168	PP_1169	PP_1170	PP_1171																					
operon 159	NC_002947.4	1350399	1351784	-	2	PP_1176	PP_1177																								
operon 160	NC_002947.4	1352226	1355376	-	2	PP_1178	PP_1179																								
operon 161	NC_002947.4	1356125	1358427	+	2	PP_1181	PP_1182																								
operon 162	NC_002947.4	1360937	1362957	+	2	PP_1186	PP_1187																								
operon 163	NC_002947.4	1368354	1370923	+	2	PP_1194	PP_1195																								
operon 164	NC_002947.4	1373331	1373953	-	2	PP_1198	PP_1199																								
operon 165	NC_002947.4	1393016	1395310	+	3	PP_1215	PP_1216	PP_1217																							
operon 166	NC_002947.4	1395436	1400837	+	7	PP_1218	PP_1219	PP_1220	PP_1221	PP_1222	PP_1223	PP_1224																			
operon 167	NC_002947.4	1401006	1402345	+	2	PP_1225	PP_1226																								
operon 168	NC_002947.4	1415631	1417511	+	2	PP_1238	PP_1239																								
operon 169	NC_002947.4	1436116	1439669	-	3	PP_1257	PP_1258	PP_1259																							
operon 170	NC_002947.4	1445903	1449141	+	3	PP_1264	PP_1265	PP_1266																							
operon 171	NC_002947.4	1451839	1455921	+	3	PP_1271	PP_1272	PP_1273																							
operon 172	NC_002947.4	1459630	1472826	-	10	PP_1278	PP_1279	PP_1280	PP_1281	PP_1282	PP_1283	PP_1284	PP_1285	PP_1286	PP_1287																
operon 173	NC_002947.4	1478937	1480101	+	3	PP_1292	PP_1293	PP_1294																							
operon 174	NC_002947.4	1483923	1486984	+	3	PP_1298	PP_1299	PP_1300																							
operon 175	NC_002947.4	1489404	1492239	+	2	PP_1303	PP_1304																								
operon 176	NC_002947.4	1504296	1508061	+	5	PP_1317	PP_1318	PP_1319	PP_1320	PP_1321																					
operon 177	NC_002947.4	1509378	1511566	-	2	PP_1324	PP_1325																								
operon 178	NC_002947.4	1513832	1530174	+	14	PP_1329	PP_1330	PP_1331	PP_1332	PP_1333	PP_1334	PP_1335	PP_1336	PP_1337	PP_1338	PP_1339	PP_1340	PP_1341	PP_1342												
operon 179	NC_002947.4	1536365	1537938	+	2	PP_1347	PP_1348																								
operon 180	NC_002947.4	1549260	1551241	+	2	PP_1360	PP_1361																								
operon 181	NC_002947.4	1558169	1560047	-	2	PP_1369	PP_1370																								
operon 182	NC_002947.4	1570580	1574437	+	4	PP_1378	PP_1379	PP_1380	PP_1381																						
operon 183	NC_002947.4	1576793	1582554	-	3	PP_1384	PP_1385	PP_1386																							
operon 184	NC_002947.4	1595676	1598761	-	2	PP_1401	PP_1402																								
operon 185	NC_002947.4	1607877	1610264	-	3	PP_1409	PP_1410	PP_1411																							
operon 186	NC_002947.4	1614696	1617745	-	3	PP_1415	PP_1416	PP_1417																							
operon 187	NC_002947.4	1617918	1620234	-	2	PP_1418	PP_1419																								
operon 188	NC_002947.4	1627888	1629456	+	2	PP_1428	PP_1429																								
operon 189	NC_002947.4	1631247	1633906	+	2	PP_1431	PP_1432																								
operon 190	NC_002947.4	1634070	1635654	+	2	PP_1433	PP_1434																								
operon 191	NC_002947.4	1635824	1637291	+	2	PP_1435	PP_1436																								
operon 192	NC_002947.4	1641780	1644741	-	2	PP_1442	PP_1443																								
operon 193	NC_002947.4	1644945	1648721	-	2	PP_1444	PP_1445																								
operon 194	NC_002947.4	1658639	1659767	-	2	PP_1451	PP_1452																								
operon 195	NC_002947.4	1660534	1661251	+	2	PP_1454	PP_1455																								
operon 196	NC_002947.4	1664662	1666728	-	2	PP_1459	PP_1460																								
operon 197	NC_002947.4	1668557	1670577	+	4	PP_1462	PP_1463	PP_1464	PP_1465																						
operon 198	NC_002947.4	1674834	1677607	+	2	PP_1470	PP_1471																								
operon 199	NC_002947.4	1685354	1689536	-	4	PP_1481	PP_1482	PP_1483	PP_1484																						
operon 200	NC_002947.4	1691904	1700322	+	7	PP_1488	PP_1489	PP_1490	PP_1491	PP_1492	PP_1493	PP_1494																			
operon 201	NC_002947.4	1703318	1707182	+	5	PP_1497	PP_1498	PP_1499	PP_1500	PP_1501																					
operon 202	NC_002947.4	1713833	1716574	+	4	PP_1508	PP_1509	PP_1510	PP_1511																						
operon 203	NC_002947.4	1729124	1731087	-	2	PP_1524	PP_1525																								
operon 204	NC_002947.4	1735318	1738018	-	3	PP_1529	PP_1530	PP_1531																							
operon 205	NC_002947.4	1738086	1739415	-	2	PP_1532	PP_1533																								
operon 206	NC_002947.4	1740302	1740909	-	2	PP_1536	PP_1537																								
operon 207	NC_002947.4	1746547	1747271	-	2	PP_1545	PP_1546																								
operon 208	NC_002947.4	1751594	1753016	+	3	PP_1552	PP_1553	PP_1554																							
operon 209	NC_002947.4	1753031	1755285	+	4	PP_1555	PP_1556	PP_1557	PP_1558																						
operon 210	NC_002947.4	1755869	1756410	+	2	PP_1560	PP_1561																								
operon 211	NC_002947.4	1756538	1758630	+	2	PP_1562	PP_1563																								
operon 212	NC_002947.4	1758642	1762097	+	4	PP_1564	PP_1565	PP_1566	PP_1567																						
operon 213	NC_002947.4	1762139	1765530	+	8	PP_1568	PP_1569	PP_1570	PP_1571	PP_1572	PP_1573	PP_1574	PP_1575																		
operon 214	NC_002947.4	1765962	1768879	+	2	PP_1577	PP_1578																								
operon 215	NC_002947.4	1769253	1772717	+	2	PP_1579	PP_1580																								
operon 216	NC_002947.4	1775925	1776898	+	2	PP_1583	PP_1584																								
operon 217	NC_002947.4	1781374	1784900	-	2	PP_1589	PP_1590																								
operon 218	NC_002947.4	1787215	1799830	+	13	PP_1593	PP_1594	PP_1595	PP_1596	PP_1597	PP_1598	PP_1599	PP_1600	PP_1601	PP_1602	PP_1603	PP_1604	PP_1605													
operon 219	NC_002947.4	1806318	1808795	+	2	PP_1610	PP_1611																								
operon 220	NC_002947.4	1810408	1811393	+	2	PP_1613	PP_1614																								
operon 221	NC_002947.4	1814613	1817552	+	4	PP_1618	PP_1619	PP_1620	PP_1621																						
operon 222	NC_002947.4	1827147	1828706	+	2	PP_1629	PP_1630																								
operon 223	NC_002947.4	1832012	1833101	+	2	PP_1635	PP_1636																								
operon 224	NC_002947.4	1838563	1839518	-	2	PP_1644	PP_1645																								
operon 225	NC_002947.4	1848560	1850818	+	2	PP_1654	PP_1655																								
operon 226	NC_002947.4	1854989	1859080	+	3	PP_1659	PP_1660	PP_1661																							
operon 227	NC_002947.4	1859564	1861994	-	3	PP_1663	PP_1664	PP_1665																							
operon 228	NC_002947.4	1865496	1866816	+	2	PP_1669	PP_1670																								
operon 229	NC_002947.4	1867887	1876032	+	9	PP_1673	PP_1674	PP_1675	PP_1676	PP_1677	PP_1678	PP_1679	PP_1680	PP_1681																	
operon 230	NC_002947.4	1877430	1879816	+	4	PP_1683	PP_1684	PP_1685	PP_1686																						
operon 231	NC_002947.4	1892585	1896752	+	3	PP_1698	PP_1699	PP_1700																							
operon 232	NC_002947.4	1903746	1906660	+	2	PP_1705	PP_1706																								
operon 233	NC_002947.4	1907763	1909250	-	2	PP_1708	PP_1709																								
operon 234	NC_002947.4	1915861	1917116	+	3	PP_1715	PP_1716	PP_1717																							
operon 235	NC_002947.4	1922254	1926865	-	5	PP_1722	PP_1723	PP_1724	PP_1725	PP_1726																					
operon 236	NC_002947.4	1932683	1934690	-	3	PP_1732	PP_1733	PP_1734																							
operon 237	NC_002947.4	1942527	1944499	+	2	PP_1742	PP_1743																								
operon 238	NC_002947.4	1946555	1951445	-	3	PP_1748	PP_1749	PP_1750																							
operon 239	NC_002947.4	1961146	1967130	+	4	PP_1759	PP_1760	PP_1761	PP_1762																						
operon 240	NC_002947.4	1968147	1969519	-	2	PP_1764	PP_1765																								
operon 241	NC_002947.4	1973991	1976172	+	2	PP_1768	PP_1769																								
operon 242	NC_002947.4	1976337	1979260	+	2	PP_1770	PP_1771																								
operon 243	NC_002947.4	1981361	1981946	+	2	PP_1773	PP_1774																								
operon 244	NC_002947.4	1985382	1988754	+	3	PP_1777	PP_1778	PP_1779																							
operon 245	NC_002947.4	1996039	1999479	-	4	PP_1782	PP_1783	PP_1784	PP_1785																						
operon 246	NC_002947.4	2005986	2008962	-	3	PP_1789	PP_1790	PP_1791																							
operon 247	NC_002947.4	2009004	2016392	-	4	PP_1792	PP_1793	PP_1794	PP_1795																						
operon 248	NC_002947.4	2018726	2021463	+	2	PP_1797	PP_1798																								
operon 249	NC_002947.4	2021902	2026110	+	4	PP_1799	PP_1800	PP_1801	PP_1802																						
operon 250	NC_002947.4	2026243	2031327	+	4	PP_1803	PP_1804	PP_1805	PP_1806																						
operon 251	NC_002947.4	2050682	2051678	-	2	PP_1825	PP_1826																								
operon 252	NC_002947.4	2056094	2057784	+	2	PP_1831	PP_1832																								
operon 253	NC_002947.4	2061086	2063586	+	2	PP_1838	PP_1839																								
operon 254	NC_002947.4	2081766	2083233	-	2	PP_1860	PP_1861																								
operon 255	NC_002947.4	2271716	2272010	+	2	PP_t33	PP_t34																								
operon 256	NC_002947.4	2118850	2124100	+	2	PP_1885	PP_1886																								
operon 257	NC_002947.4	2129703	2133604	-	3	PP_1889	PP_1890	PP_1891																							
operon 258	NC_002947.4	2137898	2139606	+	2	PP_1895	PP_1896																								
operon 259	NC_002947.4	2142550	2147127	+	7	PP_1898	PP_1899	PP_1900	PP_1901	PP_1902	PP_1903	PP_1904																			
operon 260	NC_002947.4	2152277	2153947	+	2	PP_1907	PP_1908																								
operon 261	NC_002947.4	2155373	2162318	+	8	PP_1911	PP_1912	PP_1913	PP_1914	PP_1915	PP_1916	PP_1917	PP_1918																		
operon 262	NC_002947.4	2171868	2173503	-	2	PP_1924	PP_1925																								
operon 263	NC_002947.4	2173529	2176542	-	4	PP_1926	PP_1927	PP_1928	PP_1929																						
operon 264	NC_002947.4	2196387	2197988	-	2	PP_1941	PP_1942																								
operon 265	NC_002947.4	2202324	2204802	+	2	PP_1947	PP_1948																								
operon 266	NC_002947.4	2206570	2208616	+	2	PP_1950	PP_1951																								
operon 267	NC_002947.4	2220303	2227401	-	5	PP_1960	PP_1961	PP_1962	PP_1963	PP_1964																					
operon 268	NC_002947.4	2227848	2229647	+	2	PP_1966	PP_1967																								
operon 269	NC_002947.4	2230037	2233040	+	4	PP_1968	PP_1969	PP_1970	PP_1971																						
operon 270	NC_002947.4	2242428	2243864	+	2	PP_1978	PP_1979																								
operon 271	NC_002947.4	2253682	2255940	+	2	PP_1988	PP_1989																								
operon 272	NC_002947.4	2264051	2266879	+	3	PP_1996	PP_1997	PP_1998																							
operon 273	NC_002947.4	2267076	2271179	+	4	PP_1999	PP_2000	PP_2001	PP_2002																						
operon 274	NC_002947.4	2284748	2290375	+	5	PP_2013	PP_2014	PP_2015	PP_2016	PP_2017																					
operon 275	NC_002947.4	2290650	2295455	+	4	PP_2018	PP_2019	PP_2020	PP_2021																						
operon 276	NC_002947.4	2295887	2301356	-	3	PP_2023	PP_2024	PP_2025																							
operon 277	NC_002947.4	2303210	2310021	-	6	PP_2027	PP_2028	PP_2029	PP_2030	PP_2031	PP_2032																				
operon 278	NC_002947.4	2314237	2315951	-	2	PP_2036	PP_2037																								
operon 279	NC_002947.4	2317759	2320283	+	2	PP_2039	PP_2040																								
operon 280	NC_002947.4	2323313	2325027	+	2	PP_2043	PP_2044																								
operon 281	NC_002947.4	2329648	2334253	+	4	PP_2048	PP_2049	PP_2050	PP_2051																						
operon 282	NC_002947.4	2339359	2343402	+	3	PP_2056	PP_2057	PP_2058																							
operon 283	NC_002947.4	2346700	2350877	+	2	PP_2064	PP_2065																								
operon 284	NC_002947.4	2351750	2356010	-	3	PP_2067	PP_2068	PP_2069																							
operon 285	NC_002947.4	2376844	2378358	+	2	PP_2084	PP_2085																								
operon 286	NC_002947.4	2378446	2380225	+	3	PP_2086	PP_2087	PP_2088																							
operon 287	NC_002947.4	2382226	2385141	-	2	PP_2091	PP_2092																								
operon 288	NC_002947.4	2385302	2387103	-	2	PP_2093	PP_2094																								
operon 289	NC_002947.4	2396021	2400282	-	2	PP_2100	PP_2101																								
operon 290	NC_002947.4	2402037	2403061	-	3	PP_2103	PP_2104	PP_2105																							
operon 291	NC_002947.4	2443485	2444362	+	2	PP_2140	PP_2141																								
operon 292	NC_002947.4	2451087	2455118	-	2	PP_2147	PP_2148																								
operon 293	NC_002947.4	2462245	2464245	+	2	PP_2155	PP_2156																								
operon 294	NC_002947.4	2480642	2482375	-	2	PP_2175	PP_2176																								
operon 295	NC_002947.4	2488546	2493660	+	4	PP_2183	PP_2184	PP_2185	PP_2186																						
operon 296	NC_002947.4	2503874	2505359	+	2	PP_2197	PP_2198																								
operon 297	NC_002947.4	2505401	2507102	+	2	PP_2199	PP_2200																								
operon 298	NC_002947.4	2508249	2509114	-	2	PP_2202	PP_2203																								
operon 299	NC_002947.4	2509129	2511730	-	2	PP_2204	PP_2205																								
operon 300	NC_002947.4	2523279	2528873	+	5	PP_2213	PP_2214	PP_2215	PP_2216	PP_2217																					
operon 301	NC_002947.4	2532229	2532968	+	2	PP_2223	PP_2224																								
operon 302	NC_002947.4	2533343	2539038	-	5	PP_2226	PP_2227	PP_2228	PP_2229	PP_2230																					
operon 303	NC_002947.4	2563412	2564966	+	2	PP_2247	PP_2248																								
operon 304	NC_002947.4	2569699	2572436	-	3	PP_2253	PP_2254	PP_2255																							
operon 305	NC_002947.4	2579685	2582449	+	3	PP_2261	PP_2262	PP_2263																							
operon 306	NC_002947.4	2590657	2591534	+	2	PP_2268	PP_2269																								
operon 307	NC_002947.4	2600524	2603016	+	3	PP_2279	PP_2280	PP_2281																							
operon 308	NC_002947.4	2603870	2607836	+	3	PP_2282	PP_2283	PP_2284																							
operon 309	NC_002947.4	2608290	2611049	+	2	PP_2285	PP_2286																								
operon 310	NC_002947.4	2615834	2617977	+	2	PP_2288	PP_2289																								
operon 311	NC_002947.4	2618024	2618534	+	2	PP_2290	PP_2291																								
operon 312	NC_002947.4	2626916	2632932	+	4	PP_2299	PP_2300	PP_2301	PP_2302																						
operon 313	NC_002947.4	2643943	2644751	+	2	PP_2314	PP_2315																								
operon 314	NC_002947.4	2648650	2650061	+	2	PP_2319	PP_2320																								
operon 315	NC_002947.4	2657820	2660877	-	3	PP_2330	PP_2331	PP_2332																							
operon 316	NC_002947.4	2661897	2667982	+	4	PP_2334	PP_2335	PP_2336	PP_2337																						
operon 317	NC_002947.4	2676680	2678979	+	3	PP_2346	PP_2347	PP_2348																							
operon 318	NC_002947.4	2687735	2690479	-	2	PP_2355	PP_2356																								
operon 319	NC_002947.4	2691285	2697071	+	6	PP_2358	PP_2359	PP_2360	PP_2361	PP_2362	PP_2363																				
operon 320	NC_002947.4	2698438	2702639	-	4	PP_2365	PP_2366	PP_2367	PP_2368																						
operon 321	NC_002947.4	2719655	2720746	+	2	PP_2379	PP_2380																								
operon 322	NC_002947.4	2723588	2724591	-	2	PP_2384	PP_2385																								
operon 323	NC_002947.4	2724739	2726655	-	2	PP_2386	PP_2387																								
operon 324	NC_002947.4	2726695	2728112	-	2	PP_2388	PP_2389																								
operon 325	NC_002947.4	2742314	2743561	+	2	PP_2396	PP_2397																								
operon 326	NC_002947.4	2743636	2745157	+	2	PP_2398	PP_2399																								
operon 327	NC_002947.4	2746482	2748505	-	2	PP_2402	PP_2403																								
operon 328	NC_002947.4	2752444	2756821	+	2	PP_2409	PP_2410																								
operon 329	NC_002947.4	2759308	2761418	-	2	PP_2413	PP_2414																								
operon 330	NC_002947.4	2762891	2765001	-	2	PP_2417	PP_2418																								
operon 331	NC_002947.4	2777555	2779357	-	2	PP_2430	PP_2431																								
operon 332	NC_002947.4	2780227	2781140	+	2	PP_2433	PP_2434																								
operon 333	NC_002947.4	2801617	2806529	+	5	PP_2455	PP_2456	PP_2457	PP_2458	PP_2459																					
operon 334	NC_002947.4	2809594	2816889	+	8	PP_2465	PP_2466	PP_2467	PP_2468	PP_2469	PP_2470	PP_2471	PP_2472																		
operon 335	NC_002947.4	2823925	2827811	+	3	PP_2477	PP_2478	PP_2479																							
operon 336	NC_002947.4	2829062	2830365	+	2	PP_2481	PP_2482																								
operon 337	NC_002947.4	2832719	2835417	-	2	PP_2486	PP_2487																								
operon 338	NC_002947.4	2842073	2846115	-	5	PP_2493	PP_2494	PP_2495	PP_2496	PP_2497																					
operon 339	NC_002947.4	2846690	2847243	+	2	PP_2499	PP_2500																								
operon 340	NC_002947.4	2861334	2862823	-	2	PP_2514	PP_2515																								
operon 341	NC_002947.4	2906024	2910437	-	3	PP_2558	PP_2559	PP_2560																							
operon 342	NC_002947.4	2943572	2945754	+	2	PP_2577	PP_2578																								
operon 343	NC_002947.4	2961231	2968413	-	6	PP_2591	PP_2592	PP_2593	PP_2594	PP_2595	PP_2596																				
operon 344	NC_002947.4	2969340	2972052	+	2	PP_2598	PP_2599																								
operon 345	NC_002947.4	2974983	2976880	+	2	PP_2602	PP_2603																								
operon 346	NC_002947.4	2978596	2983178	-	4	PP_2605	PP_2606	PP_2607	PP_2608																						
operon 347	NC_002947.4	2985408	2991479	-	3	PP_2612	PP_2613	PP_2614																							
operon 348	NC_002947.4	2992203	3000995	-	9	PP_2616	PP_2617	PP_2618	PP_2619	PP_2620	PP_2621	PP_2622	PP_2623	PP_2624																	
operon 349	NC_002947.4	3001960	3007040	+	2	PP_2626	PP_2627																								
operon 350	NC_002947.4	3010940	3022981	+	7	PP_2632	PP_2633	PP_2634	PP_2635	PP_2636	PP_2637	PP_2638																			
operon 351	NC_002947.4	3030694	3033855	+	2	PP_2645	PP_2646																								
operon 352	NC_002947.4	3043342	3048545	+	6	PP_2656	PP_2657	PP_2658	PP_2659	PP_2660	PP_2661																				
operon 353	NC_002947.4	3050169	3053199	+	2	PP_2663	PP_2664																								
operon 354	NC_002947.4	3054833	3057347	-	3	PP_2667	PP_2668	PP_2669																							
operon 355	NC_002947.4	3058722	3060634	+	2	PP_2671	PP_2672																								
operon 356	NC_002947.4	3064132	3066790	+	3	PP_2676	PP_2677	PP_2678																							
operon 357	NC_002947.4	3071148	3073965	+	2	PP_2682	PP_2683																								
operon 358	NC_002947.4	3076126	3079265	-	3	PP_2686	PP_2687	PP_2688																							
operon 359	NC_002947.4	3079699	3086565	-	6	PP_2689	PP_2690	PP_2691	PP_2692	PP_2693	PP_2694																				
operon 360	NC_002947.4	3088643	3091291	-	3	PP_2697	PP_2698	PP_2699																							
operon 361	NC_002947.4	3097398	3098434	+	2	PP_2706	PP_2707																								
operon 362	NC_002947.4	3098552	3104837	+	7	PP_2708	PP_2709	PP_2710	PP_2711	PP_2712	PP_2713	PP_2714																			
operon 363	NC_002947.4	3105565	3107716	-	3	PP_2716	PP_2717	PP_2718																							
operon 364	NC_002947.4	3114416	3116789	+	3	PP_2730	PP_2731	PP_2732																							
operon 365	NC_002947.4	3117394	3121862	-	5	PP_2734	PP_2735	PP_2736	PP_2737	PP_2738																					
operon 366	NC_002947.4	3125320	3126269	-	2	PP_2742	PP_2743																								
operon 367	NC_002947.4	3130184	3133869	+	4	PP_2747	PP_2748	PP_2749	PP_2750																						
operon 368	NC_002947.4	3133948	3137572	+	3	PP_2751	PP_2752	PP_2753																							
operon 369	NC_002947.4	3139447	3146564	+	7	PP_2755	PP_2756	PP_2757	PP_2758	PP_2759	PP_2760	PP_2761																			
operon 370	NC_002947.4	3151037	3155122	+	4	PP_2767	PP_2768	PP_2769	PP_2770																						
operon 371	NC_002947.4	3160087	3162053	+	2	PP_2775	PP_2776																								
operon 372	NC_002947.4	3162633	3170985	+	6	PP_2777	PP_2778	PP_2779	PP_2780	PP_2781	PP_2782																				
operon 373	NC_002947.4	3170995	3173779	+	3	PP_2783	PP_2784	PP_2785																							
operon 374	NC_002947.4	3173830	3177309	+	2	PP_2786	PP_2787																								
operon 375	NC_002947.4	3181931	3188043	+	6	PP_2792	PP_2793	PP_2794	PP_2795	PP_2796	PP_2797																				
operon 376	NC_002947.4	3193538	3196066	-	2	PP_2802	PP_2803																								
operon 377	NC_002947.4	3196258	3198656	-	2	PP_2804	PP_2805																								
operon 378	NC_002947.4	3200673	3202777	+	2	PP_2808	PP_2809																								
operon 379	NC_002947.4	3203250	3209739	+	4	PP_2810	PP_2811	PP_2812	PP_2813																						
operon 380	NC_002947.4	3214086	3218617	+	2	PP_2818	PP_2819																								
operon 381	NC_002947.4	3227162	3229902	+	2	PP_2828	PP_2829																								
operon 382	NC_002947.4	3236507	3238779	+	2	PP_2835	PP_2836																								
operon 383	NC_002947.4	3240305	3244212	+	2	PP_2838	PP_2839																								
operon 384	NC_002947.4	3246902	3252470	+	8	PP_2842	PP_2843	PP_2844	PP_2845	PP_2846	PP_2847	PP_2848	PP_2849																		
operon 385	NC_002947.4	3255873	3261258	-	6	PP_2853	PP_2854	PP_2855	PP_2856	PP_2857	PP_2858																				
operon 386	NC_002947.4	3261556	3262688	-	2	PP_2859	PP_2860																								
operon 387	NC_002947.4	3269493	3272084	-	2	PP_2868	PP_2869																								
operon 388	NC_002947.4	3284282	3285864	-	2	PP_2886	PP_2887																								
operon 389	NC_002947.4	3288969	3294391	+	2	PP_2892	PP_2893																								
operon 390	NC_002947.4	3295041	3296131	-	2	PP_2895	PP_2896																								
operon 391	NC_002947.4	3306148	3307598	-	2	PP_2907	PP_2908																								
operon 392	NC_002947.4	3321063	3322972	+	2	PP_2921	PP_2922																								
operon 393	NC_002947.4	3332187	3333805	-	2	PP_2930	PP_2931																								
operon 394	NC_002947.4	3342448	3343006	-	2	PP_2939	PP_2940																								
operon 395	NC_002947.4	3344343	3346499	-	2	PP_2941	PP_2942																								
operon 396	NC_002947.4	3347693	3350907	+	2	PP_2944	PP_2945																								
operon 397	NC_002947.4	3355265	3356847	-	2	PP_2951	PP_2952																								
operon 398	NC_002947.4	3374053	3376093	+	2	PP_2973	PP_2974																								
operon 399	NC_002947.4	3376573	3377786	+	2	PP_2976	PP_2977																								
operon 400	NC_002947.4	3381355	3382471	+	2	PP_2983	PP_2984																								
operon 401	NC_002947.4	3395444	3398780	+	5	PP_2999	PP_3000	PP_3001	PP_3002	PP_3003																					
operon 402	NC_002947.4	3415100	3418040	-	3	PP_3028	PP_3029	PP_3030																							
operon 403	NC_002947.4	3421635	3424412	+	3	PP_3037	PP_3038	PP_3039																							
operon 404	NC_002947.4	3425436	3434451	+	11	PP_3041	PP_3042	PP_3043	PP_3044	PP_3045	PP_3046	PP_3047	PP_3048	PP_3049	PP_3050	PP_3051															
operon 405	NC_002947.4	3434494	3438500	+	6	PP_3052	PP_3053	PP_3054	PP_3055	PP_3056	PP_3057																				
operon 406	NC_002947.4	3441242	3445547	+	3	PP_3062	PP_3063	PP_3064																							
operon 407	NC_002947.4	3456518	3458690	-	2	PP_3073	PP_3074																								
operon 408	NC_002947.4	3458916	3464652	-	5	PP_3075	PP_3076	PP_3077	PP_3078	PP_3079																					
operon 409	NC_002947.4	3472639	3474107	-	2	PP_3085	PP_3086																								
operon 410	NC_002947.4	3482120	3496803	-	10	PP_3091	PP_3092	PP_3093	PP_3094	PP_3095	PP_3096	PP_3097	PP_3098	PP_3099	PP_3100																
operon 411	NC_002947.4	3510805	3515490	+	2	PP_3107	PP_3108																								
operon 412	NC_002947.4	3525555	3531285	+	4	PP_3116	PP_3117	PP_3118	PP_3119																						
operon 413	NC_002947.4	3539314	3541694	+	2	PP_3127	PP_3128																								
operon 414	NC_002947.4	3542828	3546960	-	2	PP_3130	PP_3131																								
operon 415	NC_002947.4	3550152	3553321	+	4	PP_3134	PP_3135	PP_3136	PP_3137																						
operon 416	NC_002947.4	3554385	3557523	+	3	PP_3139	PP_3140	PP_3141																							
operon 417	NC_002947.4	3562528	3566364	-	3	PP_3146	PP_3147	PP_3148																							
operon 418	NC_002947.4	3581930	3587135	+	5	PP_3161	PP_3162	PP_3163	PP_3164	PP_3165																					
operon 419	NC_002947.4	3587165	3590730	+	3	PP_3166	PP_3167	PP_3168																							
operon 420	NC_002947.4	3595908	3598111	-	2	PP_3173	PP_3174																								
operon 421	NC_002947.4	3609249	3613683	-	2	PP_3183	PP_3184																								
operon 422	NC_002947.4	3615666	3619391	+	3	PP_3187	PP_3188	PP_3189																							
operon 423	NC_002947.4	3622263	3624052	-	2	PP_3193	PP_3194																								
operon 424	NC_002947.4	3624225	3626502	-	2	PP_3195	PP_3196																								
operon 425	NC_002947.4	3632529	3637263	+	3	PP_3201	PP_3202	PP_3203																							
operon 426	NC_002947.4	3637421	3640753	+	4	PP_3204	PP_3205	PP_3206	PP_3207																						
operon 427	NC_002947.4	3641774	3647063	-	5	PP_3209	PP_3210	PP_3211	PP_3212	PP_3213																					
operon 428	NC_002947.4	3654773	3659865	-	4	PP_3220	PP_3221	PP_3222	PP_3223																						
operon 429	NC_002947.4	3660750	3662833	-	2	PP_3225	PP_3226																								
operon 430	NC_002947.4	3682789	3684988	+	2	PP_3249	PP_3250																								
operon 431	NC_002947.4	3685593	3689634	+	4	PP_3251	PP_3252	PP_3253	PP_3254																						
operon 432	NC_002947.4	3691830	3693625	-	2	PP_3258	PP_3259																								
operon 433	NC_002947.4	3698470	3701491	-	3	PP_3264	PP_3265	PP_3266																							
operon 434	NC_002947.4	3706039	3709178	-	3	PP_3271	PP_3272	PP_3273																							
operon 435	NC_002947.4	3709320	3712995	-	5	PP_3274	PP_3275	PP_3276	PP_3277	PP_3278																					
operon 436	NC_002947.4	3714635	3719400	-	5	PP_3280	PP_3281	PP_3282	PP_3283	PP_3284																					
operon 437	NC_002947.4	3729031	3729946	+	2	PP_3295	PP_3296																								
operon 438	NC_002947.4	3734004	3738196	+	2	PP_3301	PP_3302																								
operon 439	NC_002947.4	3738248	3740796	+	2	PP_3303	PP_3304																								
operon 440	NC_002947.4	3743193	3746931	+	3	PP_3308	PP_3309	PP_3310																							
operon 441	NC_002947.4	3748955	3750339	-	3	PP_3312	PP_3313	PP_3314																							
operon 442	NC_002947.4	3753936	3754290	-	2	PP_3317	PP_3318																								
operon 443	NC_002947.4	3760653	3763480	+	2	PP_3325	PP_3326																								
operon 444	NC_002947.4	3768414	3772081	+	2	PP_3330	PP_3331																								
operon 445	NC_002947.4	3781126	3784498	+	4	PP_3343	PP_3344	PP_3345	PP_3346																						
operon 446	NC_002947.4	3793332	3796453	-	2	PP_3355	PP_3356																								
operon 447	NC_002947.4	3796545	3798899	-	2	PP_3357	PP_3358																								
operon 448	NC_002947.4	3821891	3826045	-	4	PP_3377	PP_3378	PP_3379	PP_3380																						
operon 449	NC_002947.4	3828335	3832123	-	3	PP_3382	PP_3383	PP_3384																							
operon 450	NC_002947.4	3835513	3840235	+	3	PP_3387	PP_3388	PP_3389																							
operon 451	NC_002947.4	3843489	3845633	-	2	PP_3393	PP_3394																								
operon 452	NC_002947.4	3848236	3850992	+	2	PP_3397	PP_3398																								
operon 453	NC_002947.4	3857423	3859919	+	4	PP_3407	PP_3408	PP_3409	PP_3410																						
operon 454	NC_002947.4	3860450	3864359	+	2	PP_3412	PP_3413																								
operon 455	NC_002947.4	3867735	3869476	+	2	PP_3417	PP_3418																								
operon 456	NC_002947.4	3876912	3882757	+	3	PP_3425	PP_3426	PP_3427																							
operon 457	NC_002947.4	3907687	3911530	+	3	PP_3449	PP_3450	PP_3451																							
operon 458	NC_002947.4	3921905	3924813	-	3	PP_3459	PP_3460	PP_3461																							
operon 459	NC_002947.4	3939861	3943892	-	6	PP_3473	PP_3474	PP_3475	PP_3476	PP_3477	PP_3478																				
operon 460	NC_002947.4	3944945	3948639	-	4	PP_3481	PP_3482	PP_3483	PP_3484																						
operon 461	NC_002947.4	3949546	3952549	-	3	PP_3486	PP_3487	PP_3488																							
operon 462	NC_002947.4	3969366	3971617	+	3	PP_3499	PP_3500	PP_3501																							
operon 463	NC_002947.4	3975854	3981701	-	3	PP_3506	PP_3507	PP_3508																							
operon 464	NC_002947.4	3985724	3989567	+	2	PP_3514	PP_3515																								
operon 465	NC_002947.4	4014645	4017508	+	2	PP_3543	PP_3544																								
operon 466	NC_002947.4	4017566	4021356	+	2	PP_3545	PP_3546																								
operon 467	NC_002947.4	4022973	4026202	-	3	PP_3548	PP_3549	PP_3550																							
operon 468	NC_002947.4	4026381	4028429	-	2	PP_3551	PP_3552																								
operon 469	NC_002947.4	4037189	4039050	+	2	PP_3558	PP_3559																								
operon 470	NC_002947.4	4040113	4041706	+	2	PP_3561	PP_3562																								
operon 471	NC_002947.4	4057729	4059182	-	2	PP_3576	PP_3577																								
operon 472	NC_002947.4	4064469	4073462	-	4	PP_3582	PP_3583	PP_3584	PP_3585																						
operon 473	NC_002947.4	4083002	4087351	+	5	PP_3593	PP_3594	PP_3595	PP_3596	PP_3597																					
operon 474	NC_002947.4	4089950	4092945	+	2	PP_3600	PP_3601																								
operon 475	NC_002947.4	4096755	4098689	-	2	PP_3605	PP_3606																								
operon 476	NC_002947.4	4108179	4112068	+	2	PP_3616	PP_3617																								
operon 477	NC_002947.4	4117311	4120928	+	2	PP_3622	PP_3623																								
operon 478	NC_002947.4	4122686	4123212	-	2	PP_3626	PP_3627																								
operon 479	NC_002947.4	4131955	4135029	-	3	PP_3636	PP_3637	PP_3638																							
operon 480	NC_002947.4	4141038	4143847	+	3	PP_3645	PP_3646	PP_3647																							
operon 481	NC_002947.4	4144448	4145766	+	2	PP_3649	PP_3650																								
operon 482	NC_002947.4	4153384	4155493	-	2	PP_3657	PP_3658																								
operon 483	NC_002947.4	4155765	4157878	-	2	PP_3659	PP_3660																								
operon 484	NC_002947.4	4175320	4179614	+	2	PP_3676	PP_3677																								
operon 485	NC_002947.4	4211656	4217042	-	4	PP_3694	PP_3695	PP_3696	PP_3697																						
operon 486	NC_002947.4	4224709	4226097	-	2	PP_3704	PP_3705																								
operon 487	NC_002947.4	4235837	4238249	-	3	PP_3713	PP_3714	PP_3715																							
operon 488	NC_002947.4	4240286	4242836	-	2	PP_3718	PP_3719																								
operon 489	NC_002947.4	4246309	4252032	-	4	PP_3723	PP_3724	PP_3725	PP_3726																						
operon 490	NC_002947.4	4253875	4258337	-	4	PP_3728	PP_3729	PP_3730	PP_3731																						
operon 491	NC_002947.4	4260302	4263426	-	2	PP_3734	PP_3735																								
operon 492	NC_002947.4	4275543	4278709	+	4	PP_3746	PP_3747	PP_3748	PP_3749																						
operon 493	NC_002947.4	4284596	4286038	+	2	PP_3755	PP_3756																								
operon 494	NC_002947.4	4286509	4292586	-	4	PP_3758	PP_3759	PP_3760	PP_3761																						
operon 495	NC_002947.4	4304295	4306054	-	2	PP_3776	PP_3777																								
operon 496	NC_002947.4	4311281	4313778	+	2	PP_3784	PP_3785																								
operon 497	NC_002947.4	4313799	4317471	+	3	PP_3786	PP_3787	PP_3788																							
operon 498	NC_002947.4	4327033	4333060	+	8	PP_3797	PP_3798	PP_3799	PP_3800	PP_3801	PP_3802	PP_3803	PP_3804																		
operon 499	NC_002947.4	4334223	4335768	-	3	PP_3806	PP_3807	PP_3808																							
operon 500	NC_002947.4	4340346	4344269	+	4	PP_3814	PP_3815	PP_3816	PP_3817																						
operon 501	NC_002947.4	4350185	4351749	-	2	PP_3822	PP_3823																								
operon 502	NC_002947.4	4354043	4356574	+	3	PP_3828	PP_3829	PP_3830																							
operon 503	NC_002947.4	4358510	4361121	-	2	PP_3834	PP_3835																								
operon 504	NC_002947.4	4366914	4369230	-	2	PP_3844	PP_3845																								
operon 505	NC_002947.4	4383051	4391516	-	10	PP_3858	PP_3859	PP_3860	PP_3861	PP_3862	PP_3863	PP_3864	PP_3865	PP_3866	PP_3867																
operon 506	NC_002947.4	4393484	4395773	-	3	PP_3869	PP_3870	PP_3871																							
operon 507	NC_002947.4	4396311	4403580	-	9	PP_3874	PP_3875	PP_3876	PP_3877	PP_3878	PP_3879	PP_3880	PP_3881	PP_3882																	
operon 508	NC_002947.4	4403716	4404363	-	2	PP_3883	PP_3884																								
operon 509	NC_002947.4	4405300	4406215	-	2	PP_3886	PP_3887																								
operon 510	NC_002947.4	4406228	4408283	-	3	PP_3888	PP_3889	PP_3890																							
operon 511	NC_002947.4	4408432	4411140	-	4	PP_3891	PP_3892	PP_3893	PP_3894																						
operon 512	NC_002947.4	4417679	4418403	+	2	PP_3906	PP_3907																								
operon 513	NC_002947.4	4420251	4422598	+	2	PP_3912	PP_3913																								
operon 514	NC_002947.4	4423768	4424480	+	2	PP_3915	PP_3916																								
operon 515	NC_002947.4	4430231	4432102	+	2	PP_3925	PP_3926																								
operon 516	NC_002947.4	4444190	4447564	-	4	PP_3941	PP_3942	PP_3943	PP_3944																						
operon 517	NC_002947.4	4449927	4453960	+	2	PP_3947	PP_3948																								
operon 518	NC_002947.4	4460535	4463953	+	3	PP_3954	PP_3955	PP_3956																							
operon 519	NC_002947.4	4475599	4476251	-	2	PP_3965	PP_3966																								
operon 520	NC_002947.4	4484825	4486299	+	2	PP_3977	PP_3978																								
operon 521	NC_002947.4	4486396	4488647	+	3	PP_3979	PP_3980	PP_3981																							
operon 522	NC_002947.4	4493708	4495615	-	2	PP_3985	PP_3986																								
operon 523	NC_002947.4	4503849	4506228	+	5	PP_3993	PP_3994	PP_3995	PP_3996	PP_3997																					
operon 524	NC_002947.4	4510092	4514991	-	4	PP_4001	PP_4002	PP_4003	PP_4004																						
operon 525	NC_002947.4	4524570	4526817	+	3	PP_4013	PP_4014	PP_4015																							
operon 526	NC_002947.4	4528401	4529994	+	2	PP_4017	PP_4018																								
operon 527	NC_002947.4	4536288	4538198	+	2	PP_4024	PP_4025																								
operon 528	NC_002947.4	4549264	4551906	+	2	PP_4037	PP_4038																								
operon 529	NC_002947.4	4553129	4557476	-	3	PP_4041	PP_4042	PP_4043																							
operon 530	NC_002947.4	4559179	4561548	-	2	PP_4047	PP_4048																								
operon 531	NC_002947.4	4566332	4575482	+	5	PP_4051	PP_4052	PP_4053	PP_4054	PP_4055																					
operon 532	NC_002947.4	4580107	4585583	-	2	PP_4059	PP_4060																								
operon 533	NC_002947.4	4589319	4593694	+	3	PP_4065	PP_4066	PP_4067																							
operon 534	NC_002947.4	4599805	4601891	-	2	PP_4072	PP_4073																								
operon 535	NC_002947.4	4604585	4610389	+	5	PP_4077	PP_4078	PP_4079	PP_4080	PP_4081																					
operon 536	NC_002947.4	4613145	4618222	+	2	PP_4084	PP_4085																								
operon 537	NC_002947.4	4632693	4636208	-	4	PP_4097	PP_4098	PP_4099	PP_4100																						
operon 538	NC_002947.4	4656185	4671138	+	13	PP_4119	PP_4120	PP_4121	PP_4122	PP_4123	PP_4124	PP_4125	PP_4126	PP_4127	PP_4128	PP_4129	PP_4130	PP_4131													
operon 539	NC_002947.4	4678701	4679956	-	2	PP_4141	PP_4142																								
operon 540	NC_002947.4	4683362	4690725	+	5	PP_4146	PP_4147	PP_4148	PP_4149	PP_4150																					
operon 541	NC_002947.4	4690867	4691912	+	2	PP_4151	PP_4152																								
operon 542	NC_002947.4	4701405	4705163	-	2	PP_4160	PP_4161																								
operon 543	NC_002947.4	4705439	4707298	-	2	PP_4162	PP_4163																								
operon 544	NC_002947.4	4707408	4709122	-	2	PP_4164	PP_4165																								
operon 545	NC_002947.4	4709677	4711541	-	3	PP_4167	PP_4168	PP_4169																							
operon 546	NC_002947.4	4713883	4716701	+	2	PP_4172	PP_4173																								
operon 547	NC_002947.4	4716909	4718656	+	2	PP_4174	PP_4175																								
operon 548	NC_002947.4	4723633	4724588	-	2	PP_4180	PP_4181																								
operon 549	NC_002947.4	4727785	4729835	-	2	PP_4185	PP_4186																								
operon 550	NC_002947.4	4730007	4735634	-	3	PP_4187	PP_4188	PP_4189																							
operon 551	NC_002947.4	4735881	4739121	-	4	PP_4190	PP_4191	PP_4192	PP_4193																						
operon 552	NC_002947.4	4741900	4746006	-	5	PP_4196	PP_4197	PP_4198	PP_4199	PP_4200																					
operon 553	NC_002947.4	4746082	4747761	-	2	PP_4201	PP_4202																								
operon 554	NC_002947.4	4754760	4758140	+	2	PP_4210	PP_4211																								
operon 555	NC_002947.4	4761342	4767786	+	4	PP_4214	PP_4215	PP_4216	PP_4217																						
operon 556	NC_002947.4	4768854	4793839	-	3	PP_4219	PP_4220	PP_4221																							
operon 557	NC_002947.4	4796660	4798662	-	2	PP_4224	PP_4225																								
operon 558	NC_002947.4	4802342	4807891	-	4	PP_4231	PP_4232	PP_4233	PP_4234																						
operon 559	NC_002947.4	4810161	4812080	+	3	PP_4236	PP_4237	PP_4238																							
operon 560	NC_002947.4	4837432	4839178	+	3	PP_4251	PP_4252	PP_4253																							
operon 561	NC_002947.4	4839358	4842856	+	5	PP_4254	PP_4255	PP_4256	PP_4257	PP_4258																					
operon 562	NC_002947.4	4843153	4848595	+	5	PP_4259	PP_4260	PP_4261	PP_4262	PP_4263																					
operon 563	NC_002947.4	4852626	4855100	-	2	PP_4268	PP_4269																								
operon 564	NC_002947.4	4861286	4866535	-	3	PP_4275	PP_4276	PP_4277																							
operon 565	NC_002947.4	4868251	4872930	+	3	PP_4279	PP_4280	PP_4281																							
operon 566	NC_002947.4	4878278	4880731	+	3	PP_4287	PP_4288	PP_4289																							
operon 567	NC_002947.4	4888772	4890600	+	2	PP_4298	PP_4299																								
operon 568	NC_002947.4	4890839	4893525	+	2	PP_4300	PP_4301																								
operon 569	NC_002947.4	4900537	4902814	+	2	PP_4309	PP_4310																								
operon 570	NC_002947.4	4905534	4906797	-	2	PP_4314	PP_4315																								
operon 571	NC_002947.4	4910515	4917431	-	8	PP_4320	PP_4321	PP_4322	PP_4323	PP_4324	PP_4325	PP_4326	PP_4327																		
operon 572	NC_002947.4	4922778	4925049	-	3	PP_4332	PP_4333	PP_4334																							
operon 573	NC_002947.4	4925168	4933047	-	8	PP_4335	PP_4336	PP_4337	PP_4338	PP_4339	PP_4340	PP_4341	PP_4342																		
operon 574	NC_002947.4	4933141	4936589	-	2	PP_4343	PP_4344																								
operon 575	NC_002947.4	4941677	4943729	+	2	PP_4349	PP_4350																								
operon 576	NC_002947.4	4945438	4950850	-	8	PP_4352	PP_4353	PP_4354	PP_4355	PP_4356	PP_4357	PP_4358	PP_4359																		
operon 577	NC_002947.4	4952344	4954745	-	3	PP_4362	PP_4363	PP_4364																							
operon 578	NC_002947.4	4954922	4960818	-	6	PP_4365	PP_4366	PP_4367	PP_4368	PP_4369	PP_4370																				
operon 579	NC_002947.4	4961082	4965357	-	3	PP_4371	PP_4372	PP_4373																							
operon 580	NC_002947.4	4965528	4970242	-	5	PP_4374	PP_4375	PP_4376	PP_4377	PP_4378																					
operon 581	NC_002947.4	4971982	4980209	-	7	PP_4380	PP_4381	PP_4382	PP_4383	PP_4384	PP_4385	PP_4386																			
operon 582	NC_002947.4	4980629	4983550	-	4	PP_4388	PP_4389	PP_4390	PP_4391																						
operon 583	NC_002947.4	4983872	4985681	-	2	PP_4392	PP_4393																								
operon 584	NC_002947.4	4986676	4987507	+	2	PP_4395	PP_4396																								
operon 585	NC_002947.4	4993317	4996990	+	3	PP_4402	PP_4403	PP_4404																							
operon 586	NC_002947.4	5002216	5006948	+	2	PP_4409	PP_4410																								
operon 587	NC_002947.4	5008517	5009640	+	2	PP_4411	PP_4412																								
operon 588	NC_002947.4	5014190	5015352	+	2	PP_4419	PP_4420																								
operon 589	NC_002947.4	5021698	5023935	-	3	PP_4426	PP_4427	PP_4428																							
operon 590	NC_002947.4	5025687	5028923	+	3	PP_4430	PP_4431	PP_4432																							
operon 591	NC_002947.4	5031209	5032835	+	2	PP_4434	PP_4435																								
operon 592	NC_002947.4	5033245	5035496	+	3	PP_4437	PP_4438	PP_4439																							
operon 593	NC_002947.4	5036193	5038444	+	3	PP_4441	PP_4442	PP_4443																							
operon 594	NC_002947.4	5038455	5039458	+	2	PP_4444	PP_4445																								
operon 595	NC_002947.4	5054516	5056326	-	2	PP_4454	PP_4455																								
operon 596	NC_002947.4	5058125	5060833	-	2	PP_4457	PP_4458																								
operon 597	NC_002947.4	5065107	5066590	-	2	PP_4462	PP_4463																								
operon 598	NC_002947.4	5084650	5092304	-	7	PP_4475	PP_4476	PP_4477	PP_4478	PP_4479	PP_4480	PP_4481																			
operon 599	NC_002947.4	5092641	5096765	-	5	PP_4482	PP_4483	PP_4484	PP_4485	PP_4486																					
operon 600	NC_002947.4	5112677	5115785	-	4	PP_4497	PP_4498	PP_4499	PP_4500																						
operon 601	NC_002947.4	5117752	5119567	+	2	PP_4504	PP_4505																								
operon 602	NC_002947.4	5135004	5137601	-	2	PP_4521	PP_4522																								
operon 603	NC_002947.4	5144361	5144871	-	2	PP_4529	PP_4530																								
operon 604	NC_002947.4	5156479	5159737	+	3	PP_4540	PP_4541	PP_4542																							
operon 605	NC_002947.4	5178002	5179323	-	3	PP_4554	PP_4555	PP_4556																							
operon 606	NC_002947.4	5192821	5194858	+	2	PP_4573	PP_4574																								
operon 607	NC_002947.4	5195825	5198583	-	3	PP_4576	PP_4577	PP_4578																							
operon 608	NC_002947.4	5200229	5201514	-	2	PP_4581	PP_4582																								
operon 609	NC_002947.4	5208711	5210134	-	2	PP_4590	PP_4591																								
operon 610	NC_002947.4	5229234	5232695	-	4	PP_4607	PP_4608	PP_4609	PP_4610																						
operon 611	NC_002947.4	5233646	5236991	+	2	PP_4612	PP_4613																								
operon 612	NC_002947.4	5241884	5244481	-	2	PP_4620	PP_4621																								
operon 613	NC_002947.4	5249998	5251060	-	2	PP_4625	PP_4626																								
operon 614	NC_002947.4	5255471	5256514	+	2	PP_4632	PP_4633																								
operon 615	NC_002947.4	5264330	5266611	-	2	PP_4640	PP_4641																								
operon 616	NC_002947.4	5274249	5276696	-	2	PP_4650	PP_4651																								
operon 617	NC_002947.4	5278490	5280867	+	2	PP_4653	PP_4654																								
operon 618	NC_002947.4	5296091	5297925	-	2	PP_4670	PP_4671																								
operon 619	NC_002947.4	5298026	5307251	-	3	PP_4672	PP_4673	PP_4674																							
operon 620	NC_002947.4	5313395	5315013	-	2	PP_4675	PP_4676																								
operon 621	NC_002947.4	5316083	5319373	-	3	PP_4678	PP_4679	PP_4680																							
operon 622	NC_002947.4	5319782	5320914	-	2	PP_4681	PP_4682																								
operon 623	NC_002947.4	5326534	5329219	-	3	PP_4687	PP_4688	PP_4689																							
operon 624	NC_002947.4	5333571	5337993	+	2	PP_4695	PP_4696																								
operon 625	NC_002947.4	5338773	5340631	+	2	PP_4697	PP_4698																								
operon 626	NC_002947.4	5340894	5342554	+	2	PP_4699	PP_4700																								
operon 627	NC_002947.4	5344603	5347448	+	2	PP_4702	PP_4703																								
operon 628	NC_002947.4	5354784	5360838	-	5	PP_4710	PP_4711	PP_4712	PP_4713	PP_4714																					
operon 629	NC_002947.4	5361604	5366555	-	4	PP_4715	PP_4716	PP_4717	PP_4718																						
operon 630	NC_002947.4	5368227	5373169	-	3	PP_4722	PP_4723	PP_4724																							
operon 631	NC_002947.4	5373496	5378223	-	4	PP_4725	PP_4726	PP_4727	PP_4728																						
operon 632	NC_002947.4	5385270	5389301	+	2	PP_4736	PP_4737																								
operon 633	NC_002947.4	5393059	5398719	+	3	PP_4740	PP_4741	PP_4742																							
operon 634	NC_002947.4	5401792	5403702	-	2	PP_4745	PP_4746																								
operon 635	NC_002947.4	5404419	5408737	-	5	PP_4748	PP_4749	PP_4750	PP_4751	PP_4752																					
operon 636	NC_002947.4	5416337	5419070	-	2	PP_4757	PP_4758																								
operon 637	NC_002947.4	5421263	5422719	-	2	PP_4761	PP_4762																								
operon 638	NC_002947.4	5429218	5430318	-	2	PP_4768	PP_4769																								
operon 639	NC_002947.4	5445856	5447779	+	2	PP_4783	PP_4784																								
operon 640	NC_002947.4	5450123	5452987	+	3	PP_4788	PP_4789	PP_4790																							
operon 641	NC_002947.4	5458937	5460619	+	2	PP_4795	PP_4796																								
operon 642	NC_002947.4	5460836	5462377	+	2	PP_4797	PP_4798																								
operon 643	NC_002947.4	5463448	5465389	-	3	PP_4800	PP_4801	PP_4802																							
operon 644	NC_002947.4	5466844	5469997	-	3	PP_4804	PP_4805	PP_4806																							
operon 645	NC_002947.4	5471921	5474794	-	4	PP_4808	PP_4809	PP_4810	PP_4811																						
operon 646	NC_002947.4	5477799	5478880	-	2	PP_4815	PP_4816																								
operon 647	NC_002947.4	5482075	5483405	+	2	PP_4820	PP_4821																								
operon 648	NC_002947.4	5483487	5486536	+	2	PP_4822	PP_4823																								
operon 649	NC_002947.4	5494003	5496684	-	3	PP_4827	PP_4828	PP_4829																							
operon 650	NC_002947.4	5498132	5499942	+	2	PP_4831	PP_4832																								
operon 651	NC_002947.4	5500077	5501389	+	2	PP_4833	PP_4834																								
operon 652	NC_002947.4	5501608	5502984	+	3	PP_4835	PP_4836	PP_4837																							
operon 653	NC_002947.4	5509802	5514074	+	4	PP_4842	PP_4843	PP_4844	PP_4845																						
operon 654	NC_002947.4	5518590	5519729	-	2	PP_4851	PP_4852																								
operon 655	NC_002947.4	5529380	5534474	-	5	PP_4863	PP_4864	PP_4865	PP_4866	PP_4867																					
operon 656	NC_002947.4	5542812	5544142	-	2	PP_4874	PP_4875																								
operon 657	NC_002947.4	5544176	5544860	-	2	PP_4876	PP_4877																								
operon 658	NC_002947.4	5545737	5549053	-	2	PP_4879	PP_4880																								
operon 659	NC_002947.4	5549759	5552337	+	2	PP_4881	PP_4882																								
operon 660	NC_002947.4	5557960	5560496	-	2	PP_4889	PP_4890																								
operon 661	NC_002947.4	5560798	5570248	-	9	PP_4891	PP_4892	PP_4893	PP_4894	PP_4895	PP_4896	PP_4897	PP_4898	PP_4899																	
operon 662	NC_002947.4	5577859	5579541	+	2	PP_4907	PP_4908																								
operon 663	NC_002947.4	5585745	5591881	-	7	PP_4913	PP_4914	PP_4915	PP_4916	PP_4917	PP_4918	PP_4919																			
operon 664	NC_002947.4	5604528	5608138	-	2	PP_4926	PP_4927																								
operon 665	NC_002947.4	5608326	5610514	-	2	PP_4928	PP_4929																								
operon 666	NC_002947.4	5611007	5614018	+	3	PP_4931	PP_4932	PP_4933																							
operon 667	NC_002947.4	5620490	5627501	-	6	PP_4939	PP_4940	PP_4941	PP_4942	PP_4943	PP_4944																				
operon 668	NC_002947.4	5637467	5640228	+	2	PP_4949	PP_4950																								
operon 669	NC_002947.4	5648526	5651192	-	2	PP_4958	PP_4959																								
operon 670	NC_002947.4	5653060	5657694	-	4	PP_4962	PP_4963	PP_4964	PP_4965																						
operon 671	NC_002947.4	5681486	5690342	-	6	PP_4987	PP_4988	PP_4989	PP_4990	PP_4991	PP_4992																				
operon 672	NC_002947.4	5692701	5696548	+	5	PP_4995	PP_4996	PP_4997	PP_4998	PP_4999																					
operon 673	NC_002947.4	5696760	5698710	+	2	PP_5000	PP_5001																								
operon 674	NC_002947.4	5699523	5704475	+	4	PP_5003	PP_5004	PP_5005	PP_5006																						
operon 675	NC_002947.4	5711932	5714174	+	2	PP_5012	PP_5013																								
operon 676	NC_002947.4	5714247	5714976	+	2	PP_5014	PP_5015																								
operon 677	NC_002947.4	5715058	5717200	+	4	PP_5016	PP_5017	PP_5018	PP_5019																						
operon 678	NC_002947.4	5722256	5724098	-	2	PP_5023	PP_5024																								
operon 679	NC_002947.4	5724392	5728637	-	2	PP_5025	PP_5026																								
operon 680	NC_002947.4	5728961	5730477	-	2	PP_5027	PP_5028																								
operon 681	NC_002947.4	5730536	5732555	-	2	PP_5029	PP_5030																								
operon 682	NC_002947.4	5734131	5737445	-	2	PP_5032	PP_5033																								
operon 683	NC_002947.4	5737647	5738962	-	2	PP_5034	PP_5035																								
operon 684	NC_002947.4	5741557	5743167	-	2	PP_5039	PP_5040																								
operon 685	NC_002947.4	5753805	5756323	+	2	PP_5047	PP_5048																								
operon 686	NC_002947.4	5760072	5760741	-	2	PP_5054	PP_5055																								
operon 687	NC_002947.4	5762625	5766112	+	3	PP_5057	PP_5058	PP_5059																							
operon 688	NC_002947.4	5781526	5786457	+	2	PP_5067	PP_5068																								
operon 689	NC_002947.4	5791912	5797899	-	2	PP_5075	PP_5076																								
operon 690	NC_002947.4	5801072	5805208	-	5	PP_5079	PP_5080	PP_5081	PP_5082	PP_5083																					
operon 691	NC_002947.4	5813080	5815516	+	2	PP_5089	PP_5090																								
operon 692	NC_002947.4	5818732	5820151	+	2	PP_5095	PP_5096																								
operon 693	NC_002947.4	5820251	5824576	+	6	PP_5097	PP_5098	PP_5099	PP_5100	PP_5101	PP_5102																				
operon 694	NC_002947.4	5825482	5827023	-	3	PP_5104	PP_5105	PP_5106																							
operon 695	NC_002947.4	5828963	5832143	-	3	PP_5109	PP_5110	PP_5111																							
operon 696	NC_002947.4	5833723	5835815	+	2	PP_5113	PP_5114																								
operon 697	NC_002947.4	5835906	5838570	+	2	PP_5115	PP_5116																								
operon 698	NC_002947.4	5842873	5844977	+	2	PP_5121	PP_5122																								
operon 699	NC_002947.4	5860004	5862788	-	2	PP_5136	PP_5137																								
operon 700	NC_002947.4	5863019	5866150	-	2	PP_5138	PP_5139																								
operon 701	NC_002947.4	5867757	5869362	-	2	PP_5142	PP_5143																								
operon 702	NC_002947.4	5879179	5881238	-	2	PP_5153	PP_5154																								
operon 703	NC_002947.4	5891793	5893269	-	2	PP_5166	PP_5167																								
operon 704	NC_002947.4	5893480	5896175	-	3	PP_5168	PP_5169	PP_5170																							
operon 705	NC_002947.4	5896360	5897600	-	2	PP_5171	PP_5172																								
operon 706	NC_002947.4	5897834	5903036	-	3	PP_5173	PP_5174	PP_5175																							
operon 707	NC_002947.4	5904741	5909220	-	4	PP_5178	PP_5179	PP_5180	PP_5181																						
operon 708	NC_002947.4	5909389	5912157	-	2	PP_5182	PP_5183																								
operon 709	NC_002947.4	5924627	5926144	-	2	PP_5193	PP_5194																								
operon 710	NC_002947.4	5926272	5933976	-	7	PP_5195	PP_5196	PP_5197	PP_5198	PP_5199	PP_5200	PP_5201																			
operon 711	NC_002947.4	5936484	5941274	+	3	PP_5206	PP_5207	PP_5208																							
operon 712	NC_002947.4	5944574	5947008	-	2	PP_5212	PP_5213																								
operon 713	NC_002947.4	5960079	5960637	-	2	PP_5224	PP_5225																								
operon 714	NC_002947.4	5961105	5965502	+	5	PP_5227	PP_5228	PP_5229	PP_5230	PP_5231																					
operon 715	NC_002947.4	5966361	5968077	-	2	PP_5233	PP_5234																								
operon 716	NC_002947.4	5992010	5994872	+	2	PP_5250	PP_5251																								
operon 717	NC_002947.4	5997231	5998428	-	2	PP_5253	PP_5254																								
operon 718	NC_002947.4	6030382	6030785	-	2	PP_5281	PP_5282																								
operon 719	NC_002947.4	6045343	6047497	-	2	PP_5298	PP_5299																								
operon 720	NC_002947.4	6048816	6051651	+	3	PP_5301	PP_5302	PP_5303																							
operon 721	NC_002947.4	6054623	6055779	+	2	PP_5307	PP_5308																								
operon 722	NC_002947.4	6055874	6058882	+	2	PP_5309	PP_5310																								
operon 723	NC_002947.4	6061555	6062887	-	2	PP_5314	PP_5315																								
operon 724	NC_002947.4	6063112	6064559	+	2	PP_5317	PP_5318																								
operon 725	NC_002947.4	6070807	6076561	-	4	PP_5325	PP_5326	PP_5327	PP_5328																						
operon 726	NC_002947.4	6081951	6083535	-	2	PP_5335	PP_5336																								
operon 727	NC_002947.4	6087779	6089925	+	2	PP_5340	PP_5341																								
operon 728	NC_002947.4	6092217	6093342	+	2	PP_5344	PP_5345																								
operon 729	NC_002947.4	6109678	6111509	-	2	PP_5360	PP_5361																								
operon 730	NC_002947.4	6120764	6124808	-	3	PP_5371	PP_5372	PP_5373																							
operon 731	NC_002947.4	6129650	6131521	-	2	PP_5378	PP_5379																								
operon 732	NC_002947.4	6137546	6143761	+	4	PP_5385	PP_5386	PP_5387	PP_5388																						
operon 733	NC_002947.4	6145737	6147350	-	2	PP_5391	PP_5392																								
operon 734	NC_002947.4	6154538	6155190	-	2	PP_5397	PP_5398																								
operon 735	NC_002947.4	6163270	6166241	-	2	PP_5405	PP_5406																								
operon 736	NC_002947.4	6170466	6173081	-	2	PP_5409	PP_5410																								
operon 737	NC_002947.4	6174757	6181870	-	9	PP_5412	PP_5413	PP_5414	PP_5415	PP_5416	PP_5417	PP_5418	PP_5419	PP_5420																	
